href,Index
#,1
#,2
/account/login?ret=/,3
/account/login?signup=true&ret=/,4
/account/?rd=0&link=home_account,5
/plus,6
/account/orders?link=home_orders,7
/wishlist?link=home_wishlist,8
/account/rewards?link=home_rewards,9
/the-gift-card-store?link=home_giftcard,10
login?ret=%2F&entryPage=HEADER_ACCOUNT&sourceContext=DEFAULT,11
/viewcart?exploreMode=true&preference=FLIPKART,12
/viewcart?exploreMode=true&preference=FLIPKART,13
https://seller.flipkart.com/sell-online/?utm_source=fkwebsite&utm_medium=websitedirect,14
https://seller.flipkart.com/sell-online/?utm_source=fkwebsite&utm_medium=websitedirect,15
#,16
/communication-preferences/push?t=all,17
/helpcentre,18
https://advertising.flipkart.com/?otracker=ch_vn_advertise_header,19
/mobile-apps?otracker=ch_vn_mobile_apps,20
/grocery-supermart-store?marketplace=GROCERY&fm=neo%2Fmerchandising&iid=M_45314193-712b-439b-b8a9-96de61ea7701_1_372UD5BXDFYS_MC.CBUR1Q46W5F1&otracker=hp_rich_navigation_1_1.navigationCard.RICH_NAVIGATION_Grocery_CBUR1Q46W5F1&otracker1=hp_rich_navigation_PINNED_neo%2Fmerchandising_NA_NAV_EXPANDABLE_navigationCard_cc_1_L0_view-all&cid=CBUR1Q46W5F1,21
/mobile-phones-store?fm=neo%2Fmerchandising&iid=M_45314193-712b-439b-b8a9-96de61ea7701_1_372UD5BXDFYS_MC.ZRQ4DKH28K8J&otracker=hp_rich_navigation_2_1.navigationCard.RICH_NAVIGATION_Mobiles_ZRQ4DKH28K8J&otracker1=hp_rich_navigation_PINNED_neo%2Fmerchandising_NA_NAV_EXPANDABLE_navigationCard_cc_2_L0_view-all&cid=ZRQ4DKH28K8J,22
/tvs-and-appliances-new-clp-store?fm=neo%2Fmerchandising&iid=M_45314193-712b-439b-b8a9-96de61ea7701_1_372UD5BXDFYS_MC.LO4IWVHA61BX&otracker=hp_rich_navigation_6_1.navigationCard.RICH_NAVIGATION_Appliances_LO4IWVHA61BX&otracker1=hp_rich_navigation_PINNED_neo%2Fmerchandising_NA_NAV_EXPANDABLE_navigationCard_cc_6_L0_view-all&cid=LO4IWVHA61BX,23
/travel/flights?param=DTNavIcon&fm=neo%2Fmerchandising&iid=M_45314193-712b-439b-b8a9-96de61ea7701_1_372UD5BXDFYS_MC.V4ZPKTOAO321&otracker=hp_rich_navigation_7_1.navigationCard.RICH_NAVIGATION_Travel_V4ZPKTOAO321&otracker1=hp_rich_navigation_PINNED_neo%2Fmerchandising_NA_NAV_EXPANDABLE_navigationCard_cc_7_L0_view-all&cid=V4ZPKTOAO321,24
/realme-12-series-coming-soon-store?param=1178,25
/intel-ultra-core-store,26
https://www.flipkart.com/travel/flights?param=Travel_FKHP_DT-HPW_AirIndia1499,27
https://www.flipkart.com/travel/flights?param=Travel_FKHP_DT-HPW_Akasa1299,28
https://www.flipkart.com/offers-list/content?screen=dynamic&pk=themeViews%3DDT-OMU-1%3ADealcard~widgetType%3DdealCard~contentType%3Dneo&wid=2.dealCard.OMU,29
/laptop-accessories/keyboards/pr?sid=6bo%2Cai3%2C3oe&sort=popularity&param=33&hpid=d971kH3yw0bIy1mjUhiVF6p7_Hsxr70nj65vMAAFKlc%3D&ctx=eyJjYXJkQ29udGV4dCI6eyJhdHRyaWJ1dGVzIjp7InZhbHVlQ2FsbG91dCI6eyJtdWx0aVZhbHVlZEF0dHJpYnV0ZSI6eyJrZXkiOiJ2YWx1ZUNhbGxvdXQiLCJpbmZlcmVuY2VUeXBlIjoiVkFMVUVfQ0FMTE9VVCIsInZhbHVlcyI6WyJGcm9tIOKCuTIyOSJdLCJ2YWx1ZVR5cGUiOiJNVUxUSV9WQUxVRUQifX0sImhlcm9QaWQiOnsic2luZ2xlVmFsdWVBdHRyaWJ1dGUiOnsia2V5IjoiaGVyb1BpZCIsImluZmVyZW5jZVR5cGUiOiJQSUQiLCJ2YWx1ZSI6IkFDQ0dGR1FLRE5UQUFXWVoiLCJ2YWx1ZVR5cGUiOiJTSU5HTEVfVkFMVUVEIn19LCJ0aXRsZSI6eyJtdWx0aVZhbHVlZEF0dHJpYnV0ZSI6eyJrZXkiOiJ0aXRsZSIsImluZmVyZW5jZVR5cGUiOiJUSVRMRSIsInZhbHVlcyI6WyJUb3AgU2VsbGluZyBEZWxsIEtleWJvYXJkIl0sInZhbHVlVHlwZSI6Ik1VTFRJX1ZBTFVFRCJ9fX19fQ%3D%3D,30
/mobile-accessories/power-banks/~cs-zewisow11f/pr?sid=tyy%2C4mr%2Cfu6&collection-tab-name=Premium+PowerBanks&sort=price_asc&ctx=eyJjYXJkQ29udGV4dCI6eyJhdHRyaWJ1dGVzIjp7InZhbHVlQ2FsbG91dCI6eyJtdWx0aVZhbHVlZEF0dHJpYnV0ZSI6eyJrZXkiOiJ2YWx1ZUNhbGxvdXQiLCJpbmZlcmVuY2VUeXBlIjoiVkFMVUVfQ0FMTE9VVCIsInZhbHVlcyI6WyJTaG9wIE5vdyJdLCJ2YWx1ZVR5cGUiOiJNVUxUSV9WQUxVRUQifX0sInRpdGxlIjp7Im11bHRpVmFsdWVkQXR0cmlidXRlIjp7ImtleSI6InRpdGxlIiwiaW5mZXJlbmNlVHlwZSI6IlRJVExFIiwidmFsdWVzIjpbIlByZW1pdW0gUG93ZXJCYW5rcyJdLCJ2YWx1ZVR5cGUiOiJNVUxUSV9WQUxVRUQifX19fX0%3D,31
/health-personal-care-appliances/personal-care-appliances/trimmers/pr?count=40&p%5B%5D=facets.ideal_for%255B%255D%3DWomen&sid=zlw%2F79s%2Fby3&p%5B%5D=facets.brand%255B%255D%3DSyska&p%5B%5D=facets.brand%255B%255D%3DNOVA&p%5B%5D=facets.brand%255B%255D%3DHavells&p%5B%5D=facets.brand%255B%255D%3DWAHL&hpid=eoN7UDNvZNvIePCm7zzpHap7_Hsxr70nj65vMAAFKlc%3D&ctx=eyJjYXJkQ29udGV4dCI6eyJhdHRyaWJ1dGVzIjp7InZhbHVlQ2FsbG91dCI6eyJtdWx0aVZhbHVlZEF0dHJpYnV0ZSI6eyJrZXkiOiJ2YWx1ZUNhbGxvdXQiLCJpbmZlcmVuY2VUeXBlIjoiVkFMVUVfQ0FMTE9VVCIsInZhbHVlcyI6WyJGcm9tIOKCuTU5OSJdLCJ2YWx1ZVR5cGUiOiJNVUxUSV9WQUxVRUQifX0sImhlcm9QaWQiOnsic2luZ2xlVmFsdWVBdHRyaWJ1dGUiOnsia2V5IjoiaGVyb1BpZCIsImluZmVyZW5jZVR5cGUiOiJQSUQiLCJ2YWx1ZSI6IlRNUkZUWjhQSFBNVVU3Q0YiLCJ2YWx1ZVR5cGUiOiJTSU5HTEVfVkFMVUVEIn19LCJ0aXRsZSI6eyJtdWx0aVZhbHVlZEF0dHJpYnV0ZSI6eyJrZXkiOiJ0aXRsZSIsImluZmVyZW5jZVR5cGUiOiJUSVRMRSIsInZhbHVlcyI6WyJCZXN0IG9mIFdvbWVuIFRyaW1tZXJzIl0sInZhbHVlVHlwZSI6Ik1VTFRJX1ZBTFVFRCJ9fX19fQ%3D%3D,32
/security-software/pr?sid=6bo%2C5hp%2Clwb&p%5B%5D=facets.discount_range_v1%255B%255D%3D80%2525%2Bor%2Bmore&param=345678&hpid=0WeKvZLUIVi-EiBgerbI9ap7_Hsxr70nj65vMAAFKlc%3D&ctx=eyJjYXJkQ29udGV4dCI6eyJhdHRyaWJ1dGVzIjp7InZhbHVlQ2FsbG91dCI6eyJtdWx0aVZhbHVlZEF0dHJpYnV0ZSI6eyJrZXkiOiJ2YWx1ZUNhbGxvdXQiLCJpbmZlcmVuY2VUeXBlIjoiVkFMVUVfQ0FMTE9VVCIsInZhbHVlcyI6WyJGcm9tIOKCuTI5Il0sInZhbHVlVHlwZSI6Ik1VTFRJX1ZBTFVFRCJ9fSwiaGVyb1BpZCI6eyJzaW5nbGVWYWx1ZUF0dHJpYnV0ZSI6eyJrZXkiOiJoZXJvUGlkIiwiaW5mZXJlbmNlVHlwZSI6IlBJRCIsInZhbHVlIjoiRFNGRlI2OTdKSFlZQUFDRiIsInZhbHVlVHlwZSI6IlNJTkdMRV9WQUxVRUQifX0sInRpdGxlIjp7Im11bHRpVmFsdWVkQXR0cmlidXRlIjp7ImtleSI6InRpdGxlIiwiaW5mZXJlbmNlVHlwZSI6IlRJVExFIiwidmFsdWVzIjpbIkJlc3QgU2VsbGluZyBTZWN1cml0eSBTb2Z0d2FyZSJdLCJ2YWx1ZVR5cGUiOiJNVUxUSV9WQUxVRUQifX19fX0%3D,33
/computers/monitors/pr?sid=6bo%2C9no&fm=neo%2Fmerchandising&iid=M_ce1a6f68-d7d2-4ae1-875c-0d0877d9a11f_2_372UD5BXDFYS_MC.ECL5SFI77NSY&otracker1=hp_rich_navigation_PINNED_neo%2Fmerchandising_NA_NAV_EXPANDABLE_navigationCard_cc_3_L2_view-all&cid=ECL5SFI77NSY&p%5B%5D=facets.fulfilled_by%255B%255D%3DFlipkart%2BAssured&p%5B%5D=facets.brand%255B%255D%3DSAMSUNG&ctx=eyJjYXJkQ29udGV4dCI6eyJhdHRyaWJ1dGVzIjp7InZhbHVlQ2FsbG91dCI6eyJtdWx0aVZhbHVlZEF0dHJpYnV0ZSI6eyJrZXkiOiJ2YWx1ZUNhbGxvdXQiLCJpbmZlcmVuY2VUeXBlIjoiVkFMVUVfQ0FMTE9VVCIsInZhbHVlcyI6WyJGcm9tIOKCuTk5OTkiXSwidmFsdWVUeXBlIjoiTVVMVElfVkFMVUVEIn19LCJ0aXRsZSI6eyJtdWx0aVZhbHVlZEF0dHJpYnV0ZSI6eyJrZXkiOiJ0aXRsZSIsImluZmVyZW5jZVR5cGUiOiJUSVRMRSIsInZhbHVlcyI6WyJNb25pdG9ycyJdLCJ2YWx1ZVR5cGUiOiJNVUxUSV9WQUxVRUQifX0sImhlcm9QaWQiOnsic2luZ2xlVmFsdWVBdHRyaWJ1dGUiOnsia2V5IjoiaGVyb1BpZCIsImluZmVyZW5jZVR5cGUiOiJQSUQiLCJ2YWx1ZSI6Ik1PTkdTWkFKODhSUFlZV1ciLCJ2YWx1ZVR5cGUiOiJTSU5HTEVfVkFMVUVEIn19fX19,34
/computers/monitors/pr?sid=6bo%2C9no&fm=neo%2Fmerchandising&iid=M_ce1a6f68-d7d2-4ae1-875c-0d0877d9a11f_2_372UD5BXDFYS_MC.ECL5SFI77NSY&otracker1=hp_rich_navigation_PINNED_neo%2Fmerchandising_NA_NAV_EXPANDABLE_navigationCard_cc_3_L2_view-all&cid=ECL5SFI77NSY&p%5B%5D=facets.fulfilled_by%255B%255D%3DFlipkart%2BAssured&p%5B%5D=facets.brand%255B%255D%3DASUS&ctx=eyJjYXJkQ29udGV4dCI6eyJhdHRyaWJ1dGVzIjp7InZhbHVlQ2FsbG91dCI6eyJtdWx0aVZhbHVlZEF0dHJpYnV0ZSI6eyJrZXkiOiJ2YWx1ZUNhbGxvdXQiLCJpbmZlcmVuY2VUeXBlIjoiVkFMVUVfQ0FMTE9VVCIsInZhbHVlcyI6WyJGcm9tIOKCuTE0OTk5Il0sInZhbHVlVHlwZSI6Ik1VTFRJX1ZBTFVFRCJ9fSwidGl0bGUiOnsibXVsdGlWYWx1ZWRBdHRyaWJ1dGUiOnsia2V5IjoidGl0bGUiLCJpbmZlcmVuY2VUeXBlIjoiVElUTEUiLCJ2YWx1ZXMiOlsiQVNVUyBNb25pdG9ycyJdLCJ2YWx1ZVR5cGUiOiJNVUxUSV9WQUxVRUQifX0sImhlcm9QaWQiOnsic2luZ2xlVmFsdWVBdHRyaWJ1dGUiOnsia2V5IjoiaGVyb1BpZCIsImluZmVyZW5jZVR5cGUiOiJQSUQiLCJ2YWx1ZSI6Ik1PTkc5WEsyOVBXV1RQTlQiLCJ2YWx1ZVR5cGUiOiJTSU5HTEVfVkFMVUVEIn19fX19,35
/computers/monitors/pr?sid=6bo%2C9no&fm=neo%2Fmerchandising&iid=M_ce1a6f68-d7d2-4ae1-875c-0d0877d9a11f_2_372UD5BXDFYS_MC.ECL5SFI77NSY&otracker1=hp_rich_navigation_PINNED_neo%2Fmerchandising_NA_NAV_EXPANDABLE_navigationCard_cc_3_L2_view-all&cid=ECL5SFI77NSY&p%5B%5D=facets.fulfilled_by%255B%255D%3DFlipkart%2BAssured&p%5B%5D=facets.brand%255B%255D%3Dacer&ctx=eyJjYXJkQ29udGV4dCI6eyJhdHRyaWJ1dGVzIjp7InZhbHVlQ2FsbG91dCI6eyJtdWx0aVZhbHVlZEF0dHJpYnV0ZSI6eyJrZXkiOiJ2YWx1ZUNhbGxvdXQiLCJpbmZlcmVuY2VUeXBlIjoiVkFMVUVfQ0FMTE9VVCIsInZhbHVlcyI6WyJGcm9tIOKCuTY1OTkiXSwidmFsdWVUeXBlIjoiTVVMVElfVkFMVUVEIn19LCJ0aXRsZSI6eyJtdWx0aVZhbHVlZEF0dHJpYnV0ZSI6eyJrZXkiOiJ0aXRsZSIsImluZmVyZW5jZVR5cGUiOiJUSVRMRSIsInZhbHVlcyI6WyJNb25pdG9ycyJdLCJ2YWx1ZVR5cGUiOiJNVUxUSV9WQUxVRUQifX0sImhlcm9QaWQiOnsic2luZ2xlVmFsdWVBdHRyaWJ1dGUiOnsia2V5IjoiaGVyb1BpZCIsImluZmVyZW5jZVR5cGUiOiJQSUQiLCJ2YWx1ZSI6Ik1PTkdIUVM0R1ozQVdHQlYiLCJ2YWx1ZVR5cGUiOiJTSU5HTEVfVkFMVUVEIn19fX19,36
/computers/monitors/pr?sid=6bo%2C9no&fm=neo%2Fmerchandising&iid=M_ce1a6f68-d7d2-4ae1-875c-0d0877d9a11f_2_372UD5BXDFYS_MC.ECL5SFI77NSY&otracker1=hp_rich_navigation_PINNED_neo%2Fmerchandising_NA_NAV_EXPANDABLE_navigationCard_cc_3_L2_view-all&cid=ECL5SFI77NSY&p%5B%5D=facets.fulfilled_by%255B%255D%3DFlipkart%2BAssured&p%5B%5D=facets.brand%255B%255D%3DBenQ&ctx=eyJjYXJkQ29udGV4dCI6eyJhdHRyaWJ1dGVzIjp7InZhbHVlQ2FsbG91dCI6eyJtdWx0aVZhbHVlZEF0dHJpYnV0ZSI6eyJrZXkiOiJ2YWx1ZUNhbGxvdXQiLCJpbmZlcmVuY2VUeXBlIjoiVkFMVUVfQ0FMTE9VVCIsInZhbHVlcyI6WyJGcm9tIOKCuTk5OTAiXSwidmFsdWVUeXBlIjoiTVVMVElfVkFMVUVEIn19LCJ0aXRsZSI6eyJtdWx0aVZhbHVlZEF0dHJpYnV0ZSI6eyJrZXkiOiJ0aXRsZSIsImluZmVyZW5jZVR5cGUiOiJUSVRMRSIsInZhbHVlcyI6WyJCZW5RIE1vbml0b3JzIl0sInZhbHVlVHlwZSI6Ik1VTFRJX1ZBTFVFRCJ9fSwiaGVyb1BpZCI6eyJzaW5nbGVWYWx1ZUF0dHJpYnV0ZSI6eyJrZXkiOiJoZXJvUGlkIiwiaW5mZXJlbmNlVHlwZSI6IlBJRCIsInZhbHVlIjoiTU9ORkM5S0taNFEyQkg5VSIsInZhbHVlVHlwZSI6IlNJTkdMRV9WQUxVRUQifX19fX0%3D,37
/offers-list/beauty-food-toys-more?screen=dynamic&pk=themeViews%3DDT-OMU-2%3ADeal-DT~widgetType%3DdealCard~contentType%3Dneo,38
/toys/action-toys/pr?sid=tng%2Csv3&p%5B%5D=facets.rating%255B%255D%3D4%25E2%2598%2585%2B%2526%2Babove&hpid=rTHd3P8c2Eh-2fwrqbmKvqp7_Hsxr70nj65vMAAFKlc%3D&ctx=eyJjYXJkQ29udGV4dCI6eyJhdHRyaWJ1dGVzIjp7InZhbHVlQ2FsbG91dCI6eyJtdWx0aVZhbHVlZEF0dHJpYnV0ZSI6eyJrZXkiOiJ2YWx1ZUNhbGxvdXQiLCJpbmZlcmVuY2VUeXBlIjoiVkFMVUVfQ0FMTE9VVCIsInZhbHVlcyI6WyJVcCB0byA3MCUgT2ZmIl0sInZhbHVlVHlwZSI6Ik1VTFRJX1ZBTFVFRCJ9fSwiaGVyb1BpZCI6eyJzaW5nbGVWYWx1ZUF0dHJpYnV0ZSI6eyJrZXkiOiJoZXJvUGlkIiwiaW5mZXJlbmNlVHlwZSI6IlBJRCIsInZhbHVlIjoiVFdQRkc4WEZUSFJLTU5QSiIsInZhbHVlVHlwZSI6IlNJTkdMRV9WQUxVRUQifX0sInRpdGxlIjp7Im11bHRpVmFsdWVkQXR0cmlidXRlIjp7ImtleSI6InRpdGxlIiwiaW5mZXJlbmNlVHlwZSI6IlRJVExFIiwidmFsdWVzIjpbIkJlc3Qgb2YgQWN0aW9uIFRveXMiXSwidmFsdWVUeXBlIjoiTVVMVElfVkFMVUVEIn19fX19,39
/pens-stationery/pr?sid=dgv&p%5B%5D=facets.rating%255B%255D%3D4%25E2%2598%2585%2B%2526%2Babove&hpid=B2Ku1G4aX7ZGf37AOgCozap7_Hsxr70nj65vMAAFKlc%3D&ctx=eyJjYXJkQ29udGV4dCI6eyJhdHRyaWJ1dGVzIjp7InZhbHVlQ2FsbG91dCI6eyJtdWx0aVZhbHVlZEF0dHJpYnV0ZSI6eyJrZXkiOiJ2YWx1ZUNhbGxvdXQiLCJpbmZlcmVuY2VUeXBlIjoiVkFMVUVfQ0FMTE9VVCIsInZhbHVlcyI6WyJGcm9tIOKCuTQ5Il0sInZhbHVlVHlwZSI6Ik1VTFRJX1ZBTFVFRCJ9fSwiaGVyb1BpZCI6eyJzaW5nbGVWYWx1ZUF0dHJpYnV0ZSI6eyJrZXkiOiJoZXJvUGlkIiwiaW5mZXJlbmNlVHlwZSI6IlBJRCIsInZhbHVlIjoiRElBRkdZQ1JaWktBWjg2UCIsInZhbHVlVHlwZSI6IlNJTkdMRV9WQUxVRUQifX0sInRpdGxlIjp7Im11bHRpVmFsdWVkQXR0cmlidXRlIjp7ImtleSI6InRpdGxlIiwiaW5mZXJlbmNlVHlwZSI6IlRJVExFIiwidmFsdWVzIjpbIlRvcCBTZWxsaW5nIFN0YXRpb25lcnkiXSwidmFsdWVUeXBlIjoiTVVMVElfVkFMVUVEIn19fX19,40
/sports/cycling/cycles/pr?sid=abc%2Culv%2Cixt&p%5B%5D=facets.tyre_size%255B%255D%3D27.5%2Binches&p%5B%5D=facets.tyre_size%255B%255D%3D28%2Binches&p%5B%5D=facets.tyre_size%255B%255D%3D29%2Binches&p%5B%5D=facets.brand%255B%255D%3DHERCULES&p%5B%5D=facets.brand%255B%255D%3DUrban%2BTerrain&p%5B%5D=facets.brand%255B%255D%3DHRX&p%5B%5D=facets.brand%255B%255D%3DLEADER&p%5B%5D=facets.brand%255B%255D%3DHERO&p%5B%5D=facets.brand%255B%255D%3DCRADIAC&p%5B%5D=facets.brand%255B%255D%3DAdrenex%2Bby%2BFlipkart&p%5B%5D=facets.brand%255B%255D%3DWALTX&p%5B%5D=facets.brand%255B%255D%3DVector%2B91&p%5B%5D=facets.brand%255B%255D%3DMontra&p%5B%5D=facets.brand%255B%255D%3DFIREFOX%2BBIKES&p%5B%5D=facets.fulfilled_by%255B%255D%3DPlus%2B%2528FAssured%2529&hpid=Lk-wso-VDfqk58fy3bl2IKp7_Hsxr70nj65vMAAFKlc%3D&ctx=eyJjYXJkQ29udGV4dCI6eyJhdHRyaWJ1dGVzIjp7InZhbHVlQ2FsbG91dCI6eyJtdWx0aVZhbHVlZEF0dHJpYnV0ZSI6eyJrZXkiOiJ2YWx1ZUNhbGxvdXQiLCJpbmZlcmVuY2VUeXBlIjoiVkFMVUVfQ0FMTE9VVCIsInZhbHVlcyI6WyJVcCB0byA3MCUgT2ZmIl0sInZhbHVlVHlwZSI6Ik1VTFRJX1ZBTFVFRCJ9fSwiaGVyb1BpZCI6eyJzaW5nbGVWYWx1ZUF0dHJpYnV0ZSI6eyJrZXkiOiJoZXJvUGlkIiwiaW5mZXJlbmNlVHlwZSI6IlBJRCIsInZhbHVlIjoiQ0NFRzZONFlLS1BGV1JTSCIsInZhbHVlVHlwZSI6IlNJTkdMRV9WQUxVRUQifX0sInRpdGxlIjp7Im11bHRpVmFsdWVkQXR0cmlidXRlIjp7ImtleSI6InRpdGxlIiwiaW5mZXJlbmNlVHlwZSI6IlRJVExFIiwidmFsdWVzIjpbIkdlYXJlZCBDeWNsZXMiXSwidmFsdWVUeXBlIjoiTVVMVElfVkFMVUVEIn19fX19,41
/toys/stuffed-toys/pr?sid=mgl%2C1zt&hpid=aYIiqog0ctRH4fZXM42Ro6p7_Hsxr70nj65vMAAFKlc%3D&ctx=eyJjYXJkQ29udGV4dCI6eyJhdHRyaWJ1dGVzIjp7InZhbHVlQ2FsbG91dCI6eyJtdWx0aVZhbHVlZEF0dHJpYnV0ZSI6eyJrZXkiOiJ2YWx1ZUNhbGxvdXQiLCJpbmZlcmVuY2VUeXBlIjoiVkFMVUVfQ0FMTE9VVCIsInZhbHVlcyI6WyJVcHRvIDcwJSBPZmYiXSwidmFsdWVUeXBlIjoiTVVMVElfVkFMVUVEIn19LCJoZXJvUGlkIjp7InNpbmdsZVZhbHVlQXR0cmlidXRlIjp7ImtleSI6Imhlcm9QaWQiLCJpbmZlcmVuY2VUeXBlIjoiUElEIiwidmFsdWUiOiJTVEZHTVE2MzI3WVFOSFlZIiwidmFsdWVUeXBlIjoiU0lOR0xFX1ZBTFVFRCJ9fSwidGl0bGUiOnsibXVsdGlWYWx1ZWRBdHRyaWJ1dGUiOnsia2V5IjoidGl0bGUiLCJpbmZlcmVuY2VUeXBlIjoiVElUTEUiLCJ2YWx1ZXMiOlsiU29mdCBUb3lzIl0sInZhbHVlVHlwZSI6Ik1VTFRJX1ZBTFVFRCJ9fX19fQ%3D%3D,42
/food-products/coffee-powder/pr?sid=eat%2Cdui&p%5B%5D=facets.fulfilled_by%255B%255D%3DPlus%2B%2528FAssured%2529&param=1691&hpid=1I_X1PzAakQakM538Nz3KKp7_Hsxr70nj65vMAAFKlc%3D&ctx=eyJjYXJkQ29udGV4dCI6eyJhdHRyaWJ1dGVzIjp7InZhbHVlQ2FsbG91dCI6eyJtdWx0aVZhbHVlZEF0dHJpYnV0ZSI6eyJrZXkiOiJ2YWx1ZUNhbGxvdXQiLCJpbmZlcmVuY2VUeXBlIjoiVkFMVUVfQ0FMTE9VVCIsInZhbHVlcyI6WyJVcHRvIDgwJSBPZmYiXSwidmFsdWVUeXBlIjoiTVVMVElfVkFMVUVEIn19LCJoZXJvUGlkIjp7InNpbmdsZVZhbHVlQXR0cmlidXRlIjp7ImtleSI6Imhlcm9QaWQiLCJpbmZlcmVuY2VUeXBlIjoiUElEIiwidmFsdWUiOiJDRkVHSkhaTUFIRjlXRkhaIiwidmFsdWVUeXBlIjoiU0lOR0xFX1ZBTFVFRCJ9fSwidGl0bGUiOnsibXVsdGlWYWx1ZWRBdHRyaWJ1dGUiOnsia2V5IjoidGl0bGUiLCJpbmZlcmVuY2VUeXBlIjoiVElUTEUiLCJ2YWx1ZXMiOlsiQ29mZmVlIFBvd2RlciJdLCJ2YWx1ZVR5cGUiOiJNVUxUSV9WQUxVRUQifX19fX0%3D,43
/sports/cycling/cycles/pr?sid=abc%2Culv%2Cixt&p%5B%5D=facets.gear_type%255B%255D%3DNon%2BGeared&p%5B%5D=facets.fulfilled_by%255B%255D%3DPlus%2B%2528FAssured%2529&hpid=WXirg7reAiTX0n-6u1knE6p7_Hsxr70nj65vMAAFKlc%3D&ctx=eyJjYXJkQ29udGV4dCI6eyJhdHRyaWJ1dGVzIjp7InZhbHVlQ2FsbG91dCI6eyJtdWx0aVZhbHVlZEF0dHJpYnV0ZSI6eyJrZXkiOiJ2YWx1ZUNhbGxvdXQiLCJpbmZlcmVuY2VUeXBlIjoiVkFMVUVfQ0FMTE9VVCIsInZhbHVlcyI6WyJVcCB0byA0MCUgT2ZmIl0sInZhbHVlVHlwZSI6Ik1VTFRJX1ZBTFVFRCJ9fSwiaGVyb1BpZCI6eyJzaW5nbGVWYWx1ZUF0dHJpYnV0ZSI6eyJrZXkiOiJoZXJvUGlkIiwiaW5mZXJlbmNlVHlwZSI6IlBJRCIsInZhbHVlIjoiQ0NFR1RXTkFHWkFTUFIzSyIsInZhbHVlVHlwZSI6IlNJTkdMRV9WQUxVRUQifX0sInRpdGxlIjp7Im11bHRpVmFsdWVkQXR0cmlidXRlIjp7ImtleSI6InRpdGxlIiwiaW5mZXJlbmNlVHlwZSI6IlRJVExFIiwidmFsdWVzIjpbIk5vbi1HZWFyZWQgQ3ljbGVzIl0sInZhbHVlVHlwZSI6Ik1VTFRJX1ZBTFVFRCJ9fX19fQ%3D%3D,44
/all/~cs-rp2pp3y30g/pr?sid=all&collection-tab-name=Treadmill-Exercise+Bikes-DT&hpid=nE8Z_QMpm9QBj5eoVUIwUap7_Hsxr70nj65vMAAFKlc%3D&ctx=eyJjYXJkQ29udGV4dCI6eyJhdHRyaWJ1dGVzIjp7InZhbHVlQ2FsbG91dCI6eyJtdWx0aVZhbHVlZEF0dHJpYnV0ZSI6eyJrZXkiOiJ2YWx1ZUNhbGxvdXQiLCJpbmZlcmVuY2VUeXBlIjoiVkFMVUVfQ0FMTE9VVCIsInZhbHVlcyI6WyJVcCB0byA3MCUgT2ZmIl0sInZhbHVlVHlwZSI6Ik1VTFRJX1ZBTFVFRCJ9fSwiaGVyb1BpZCI6eyJzaW5nbGVWYWx1ZUF0dHJpYnV0ZSI6eyJrZXkiOiJoZXJvUGlkIiwiaW5mZXJlbmNlVHlwZSI6IlBJRCIsInZhbHVlIjoiVFJER0RIODRRUUczR0ZNSCIsInZhbHVlVHlwZSI6IlNJTkdMRV9WQUxVRUQifX0sInRpdGxlIjp7Im11bHRpVmFsdWVkQXR0cmlidXRlIjp7ImtleSI6InRpdGxlIiwiaW5mZXJlbmNlVHlwZSI6IlRJVExFIiwidmFsdWVzIjpbIlRyZWFkbWlsbCwgRXhlcmNpc2UgQmlrZXMgJiBNb3JlIl0sInZhbHVlVHlwZSI6Ik1VTFRJX1ZBTFVFRCJ9fX19fQ%3D%3D,45
/exercise-fitness/yoga/yoga-mats/pr?sid=qoc%2Cs1h%2Cfco&p%5B%5D=facets.fulfilled_by%255B%255D%3DPlus%2B%2528FAssured%2529&hpid=yhUfv55ktNCMdAA1j582l6p7_Hsxr70nj65vMAAFKlc%3D&ctx=eyJjYXJkQ29udGV4dCI6eyJhdHRyaWJ1dGVzIjp7InZhbHVlQ2FsbG91dCI6eyJtdWx0aVZhbHVlZEF0dHJpYnV0ZSI6eyJrZXkiOiJ2YWx1ZUNhbGxvdXQiLCJpbmZlcmVuY2VUeXBlIjoiVkFMVUVfQ0FMTE9VVCIsInZhbHVlcyI6WyJGcm9tIOKCuSAxNTkiXSwidmFsdWVUeXBlIjoiTVVMVElfVkFMVUVEIn19LCJoZXJvUGlkIjp7InNpbmdsZVZhbHVlQXR0cmlidXRlIjp7ImtleSI6Imhlcm9QaWQiLCJpbmZlcmVuY2VUeXBlIjoiUElEIiwidmFsdWUiOiJTTVRHSEpKS0REVVBHOUZKIiwidmFsdWVUeXBlIjoiU0lOR0xFX1ZBTFVFRCJ9fSwidGl0bGUiOnsibXVsdGlWYWx1ZWRBdHRyaWJ1dGUiOnsia2V5IjoidGl0bGUiLCJpbmZlcmVuY2VUeXBlIjoiVElUTEUiLCJ2YWx1ZXMiOlsiWW9nYSBNYXQiXSwidmFsdWVUeXBlIjoiTVVMVElfVkFMVUVEIn19fX19,46
/offers-list/recommended-for-you?screen=dynamic&pk=contentTags%3DGCD_THEME_3~marketplace%3DFLIPKART~widgetType%3DdealCard~contentType%3DpersonalisedRecommendation%2FC5&marketplace=FLIPKART,47
"https://www.flipkart.com/all/~cs-7847646c0fa813bb0b1d71a25db94e79/pr?sid=0pm,fcn,821,a7x,2si&marketplace=FLIPKART&restrictLocale=true",48
"https://www.flipkart.com/all/~cs-2a0c4b3036f2339cfee37c9c64a79f41/pr?sid=0pm,fcn,821,a7x,2rv&marketplace=FLIPKART&restrictLocale=true",49
"https://www.flipkart.com/all/~cs-defc4ae34c2f91e695a95b710a65d476/pr?sid=arb,uj2,uvt&marketplace=FLIPKART&restrictLocale=true",50
"https://www.flipkart.com/all/~cs-86f9e6424729ef5085eaf3b01800444b/pr?sid=upp,3t7&marketplace=FLIPKART&restrictLocale=true",51
mailto:Purchases.oni@flipkart.com,52
